cp,maxdepth,minsplit,minbucket,ganancia_mean
-0.50,6,700,140,574166666.67
-0.50,6,600,140,574166666.67
-0.50,6,625,140,574166666.67
-0.50,6,650,140,574166666.67
-0.50,6,675,140,574166666.67
-0.50,6,700,140,574166666.67
-0.50,6,725,140,574166666.67
-0.50,6,750,140,574166666.67
-0.50,6,775,140,574166666.67
-0.50,6,800,140,574166666.67
-0.50,6,800,160,572166666.67
-0.50,6,600,160,572166666.67
-0.50,6,625,160,572166666.67
-0.50,6,650,160,572166666.67
-0.50,6,675,160,572166666.67
-0.50,6,700,160,572166666.67
-0.50,6,725,160,572166666.67
-0.50,6,750,160,572166666.67
-0.50,6,775,160,572166666.67
-0.50,6,800,160,572166666.67
-0.50,6,1100,550,570416666.67
-0.50,6,900,180,569416666.67
-0.50,6,600,180,569416666.67
-0.50,6,600,180,569416666.67
-0.50,6,625,180,569416666.67
-0.50,6,650,180,569416666.67
-0.50,6,675,180,569416666.67
-0.50,6,700,180,569416666.67
-0.50,6,725,180,569416666.67
-0.50,6,750,180,569416666.67
-0.50,6,775,180,569416666.67
-0.50,6,800,180,569416666.67
-0.50,6,1000,500,569083333.33
-1,6,1000,500,569083333.33
-0.50,6,1000,500,569083333.33
-0.50,7,700,140,562333333.33
-0.50,7,800,160,559500000.00
-0.50,6,600,120,558916666.67
-0.50,6,600,120,558916666.67
-0.50,6,600,100,558916666.67
-0.50,6,600,120,558916666.67
-0.50,6,625,100,558916666.67
-0.50,6,625,120,558916666.67
-0.50,6,650,100,558916666.67
-0.50,6,650,120,558916666.67
-0.50,6,675,100,558916666.67
-0.50,6,675,120,558916666.67
-0.50,6,700,100,558916666.67
-0.50,6,700,120,558916666.67
-0.50,6,725,100,558916666.67
-0.50,6,725,120,558916666.67
-0.50,6,750,100,558916666.67
-0.50,6,750,120,558916666.67
-0.50,6,775,100,558916666.67
-0.50,6,775,120,558916666.67
-0.50,6,800,100,558916666.67
-0.50,6,800,120,558916666.67
-0.50,6,1000,100,558583333.33
-1,6,800,400,558333333.33
-0.50,6,800,400,558333333.33
-0.50,6,900,360,557583333.33
-0.50,7,600,120,557250000.00
-0.50,8,1000,100,556750000.00
-0.50,8,600,120,556500000.00
-0.50,6,900,450,554750000.00
-0.50,10,1000,100,553583333.33
-0.50,7,900,180,553583333.33
-0.50,6,100,20,553500000.00
-0.50,7,1100,550,553250000.00
-0.50,7,600,180,552000000.00
-0.50,6,700,350,550166666.67
-1,6,50,25,550083333.33
-0.50,6,1100,440,549916666.67
-0.50,12,1000,100,548500000.00
-0.50,8,1000,500,547916666.67
-0.50,12,1000,500,547916666.67
-0.50,14,1000,500,547916666.67
-0.50,10,1000,500,547916666.67
-1,8,1000,500,547916666.67
-1,10,1000,500,547916666.67
-1,12,1000,500,547916666.67
-1,14,1000,500,547916666.67
-0.50,7,1000,500,547916666.67
-0.50,6,800,320,546250000.00
-0.50,6,600,300,546166666.67
-1,6,600,300,546166666.67
-0.50,6,900,270,546166666.67
-0.50,6,700,280,546166666.67
-0.50,6,600,300,546166666.67
-1,8,800,400,545750000.00
-0.50,5,600,120,545333333.33
-0.50,10,600,120,544916666.67
-0.50,6,1100,330,543250000.00
-0.50,5,1100,550,542916666.67
-0.50,5,1000,500,542916666.67
-0.50,6,100,10,542666666.67
-1,6,20,10,542666666.67
-0.50,4,1000,500,541666666.67
-0.50,4,1000,200,541666666.67
-0.50,4,600,300,541666666.67
-1,4,1000,500,541666666.67
-1,4,800,400,541666666.67
-1,4,600,300,541666666.67
-1,4,400,200,541666666.67
-0.50,14,1000,100,541250000.00
-0.50,7,700,350,541250000.00
-0.50,7,800,400,541166666.67
-0.50,6,1000,400,539250000.00
-0.50,7,600,300,539250000.00
-0.50,6,1000,300,538500000.00
-0.50,7,800,320,538500000.00
-0.50,6,10,1,536416666.67
-0.50,6,10,2,535916666.67
-0.50,6,10,5,535833333.33
-1,6,10,5,535833333.33
-0.50,5,900,450,535833333.33
-0.50,5,700,140,534500000.00
-0.50,5,800,160,534083333.33
0,6,10,2,533916666.67
-0.50,7,700,280,533916666.67
-1,10,800,400,533750000.00
-1,12,800,400,533750000.00
-1,14,800,400,533750000.00
-0.50,5,1100,220,533750000.00
-0.50,5,1000,200,533750000.00
0,6,10,1,533666666.67
-0.50,7,1100,440,532750000.00
-0.50,7,900,450,531750000.00
-0.50,5,900,180,531333333.33
-0.50,5,600,180,531333333.33
-0.50,12,600,120,530416666.67
-0.50,8,10,2,529666666.67
-0.50,8,600,300,529000000.00
-1,8,600,300,529000000.00
-0.50,7,900,270,529000000.00
-0.50,8,10,1,528833333.33
-0.50,7,900,360,528750000.00
-0.50,6,600,60,527416666.67
0,8,10,2,527333333.33
0,8,10,1,526750000.00
-1,6,200,100,526500000.00
-0.50,7,1100,330,526083333.33
-0.50,5,1100,330,524166666.67
-0.50,5,1100,440,524166666.67
-0.50,5,1000,300,524166666.67
-0.50,5,1000,400,524166666.67
-0.50,5,800,400,524166666.67
-0.50,6,1000,200,524083333.33
-0.50,6,1100,220,524083333.33
-0.50,6,1000,200,524083333.33
-0.50,8,600,60,523916666.67
-0.50,5,800,240,522166666.67
-0.50,5,700,210,522166666.67
-0.50,5,600,240,522166666.67
-0.50,7,1000,400,522083333.33
-0.50,7,1000,300,521333333.33
0,8,10,5,520583333.33
-0.50,14,600,120,518583333.33
-0.50,8,10,5,517500000.00
-1,8,10,5,517500000.00
-0.50,10,600,300,517000000.00
-1,10,600,300,517000000.00
-0.50,8,1000,200,513000000.00
-0.50,5,900,270,512583333.33
-0.50,5,900,360,512583333.33
-0.50,5,800,320,512583333.33
-0.50,5,700,280,512583333.33
-0.50,5,700,350,512583333.33
-0.50,5,600,300,512583333.33
-0.50,6,800,240,512500000.00
-0.50,6,700,210,512500000.00
-0.50,6,600,240,512500000.00
-0.50,4,100,50,512416666.67
-0.50,4,100,20,512416666.67
-1,4,200,100,512416666.67
-1,4,100,50,512416666.67
-1,4,50,25,511916666.67
-0.50,4,10,2,511416666.67
-0.50,4,10,1,511416666.67
-0.50,4,100,10,511166666.67
-0.50,4,10,5,511166666.67
-1,4,20,10,511166666.67
-1,4,10,5,511166666.67
-0.50,4,600,120,510750000.00
-0.50,4,600,60,510750000.00
-0.50,7,800,240,510583333.33
-0.50,7,700,210,510583333.33
-0.50,7,600,240,510583333.33
-0.50,4,1000,100,510416666.67
-0.50,10,600,60,509166666.67
-0.50,7,1100,220,506916666.67
-0.50,7,1000,200,506916666.67
-0.50,12,600,300,503833333.33
-0.50,14,600,300,503833333.33
-1,12,600,300,503833333.33
-1,14,600,300,503833333.33
-0.50,12,600,60,503416666.67
-0.50,8,100,10,501583333.33
-0.50,8,100,50,498833333.33
-1,8,100,50,498833333.33
-0.50,12,1000,200,498166666.67
-0.50,14,1000,200,498166666.67
-0.50,10,1000,200,498166666.67
-0.50,6,100,50,497583333.33
-1,6,100,50,497583333.33
-0.50,14,600,60,495750000.00
-1,8,200,100,494750000.00
-1,8,50,25,494500000.00
0,10,10,2,492416666.67
-1,6,400,200,491833333.33
-0.50,10,100,10,489750000.00
-0.50,8,100,20,489666666.67
-1,12,400,200,484833333.33
-1,14,400,200,484833333.33
-1,8,20,10,483583333.33
-0.50,10,10,1,483166666.67
-0.50,10,100,50,482750000.00
-1,10,100,50,482750000.00
0,10,10,1,480583333.33
0,12,10,1,479333333.33
-1,8,400,200,477916666.67
-1,10,400,200,477916666.67
0,10,10,5,475666666.67
-0.50,12,10,1,470166666.67
-1,10,20,10,467083333.33
-0.50,10,10,2,464916666.67
-1,10,50,25,464666666.67
-0.50,10,100,20,463833333.33
-1,10,200,100,457916666.67
0,6,10,5,456833333.33
-1,12,200,100,449833333.33
0,12,10,2,449250000.00
-0.50,12,100,10,446416666.67
-0.50,12,100,50,444666666.67
-1,12,100,50,444666666.67
-0.50,10,10,5,441333333.33
-1,10,10,5,441333333.33
0,14,10,2,437500000.00
-1,14,200,100,436500000.00
-0.50,14,100,10,436416666.67
0,4,100,10,434500000.00
0,4,10,5,434500000.00
0,4,10,2,434500000.00
0,4,10,1,434500000.00
0,8,100,50,434500000.00
0,8,100,20,434500000.00
0,8,100,10,434500000.00
0.00,8,100,50,434500000.00
0.00,8,100,20,434500000.00
0.00,8,100,10,434500000.00
0,12,100,50,434500000.00
0,12,100,20,434500000.00
0.00,12,100,50,434500000.00
0.00,12,100,20,434500000.00
0.00,12,100,10,434500000.00
0,14,100,50,434500000.00
0,14,100,20,434500000.00
0.00,14,100,50,434500000.00
0.00,14,100,20,434500000.00
0.00,14,100,10,434500000.00
0,6,100,10,434500000.00
0,10,100,50,434500000.00
0,10,100,20,434500000.00
0,10,100,10,434500000.00
0.00,10,100,50,434500000.00
0.00,10,100,20,434500000.00
0.00,10,100,10,434500000.00
-0.50,12,100,20,433250000.00
0,14,10,1,433083333.33
-0.50,14,10,1,430166666.67
0.00,6,10,2,428666666.67
0.00,6,10,1,428666666.67
0.00,8,10,5,428500000.00
0.00,6,10,5,428500000.00
-0.50,14,100,50,426583333.33
-1,14,100,50,426583333.33
0.00,8,10,2,425750000.00
0.00,8,10,1,425750000.00
0,12,100,10,425000000.00
0,14,100,10,425000000.00
0.00,10,10,5,418833333.33
0.00,12,10,2,416250000.00
0.00,12,10,1,416250000.00
0.00,14,10,2,416250000.00
0.00,14,10,1,416250000.00
0.00,10,10,2,416250000.00
0.00,10,10,1,416250000.00
-1,12,50,25,411000000.00
-0.50,14,100,20,410500000.00
0.00,12,10,5,410000000.00
0.00,14,10,5,410000000.00
-0.50,12,10,5,405583333.33
-1,12,10,5,405583333.33
0,12,10,5,401250000.00
-0.50,12,10,2,399250000.00
-1,12,20,10,398500000.00
-1,14,50,25,380000000.00
-0.50,14,10,2,373666666.67
0,14,10,5,366500000.00
-1,14,20,10,366250000.00
-0.50,14,10,5,340500000.00
-1,14,10,5,340500000.00
0,4,1000,500,0.00
0,4,1000,200,0.00
0,4,1000,100,0.00
0.00,4,1000,500,0.00
0.00,4,1000,200,0.00
0.00,4,1000,100,0.00
0.01,4,1000,500,0.00
0.01,4,1000,200,0.00
0.01,4,1000,100,0.00
0,4,600,300,0.00
0,4,600,120,0.00
0,4,600,60,0.00
0.00,4,600,300,0.00
0.00,4,600,120,0.00
0.00,4,600,60,0.00
0.01,4,600,300,0.00
0.01,4,600,120,0.00
0.01,4,600,60,0.00
0,4,100,50,0.00
0,4,100,20,0.00
0.00,4,100,50,0.00
0.00,4,100,20,0.00
0.00,4,100,10,0.00
0.01,4,100,50,0.00
0.01,4,100,20,0.00
0.01,4,100,10,0.00
0.00,4,10,5,0.00
0.00,4,10,2,0.00
0.00,4,10,1,0.00
0.01,4,10,5,0.00
0.01,4,10,2,0.00
0.01,4,10,1,0.00
0,8,1000,500,0.00
0,8,1000,200,0.00
0,8,1000,100,0.00
0.00,8,1000,500,0.00
0.00,8,1000,200,0.00
0.00,8,1000,100,0.00
0.01,8,1000,500,0.00
0.01,8,1000,200,0.00
0.01,8,1000,100,0.00
0,8,600,300,0.00
0,8,600,120,0.00
0,8,600,60,0.00
0.00,8,600,300,0.00
0.00,8,600,120,0.00
0.00,8,600,60,0.00
0.01,8,600,300,0.00
0.01,8,600,120,0.00
0.01,8,600,60,0.00
0.01,8,100,50,0.00
0.01,8,100,20,0.00
0.01,8,100,10,0.00
0.01,8,10,5,0.00
0.01,8,10,2,0.00
0.01,8,10,1,0.00
0,12,1000,500,0.00
0,12,1000,200,0.00
0,12,1000,100,0.00
0.00,12,1000,500,0.00
0.00,12,1000,200,0.00
0.00,12,1000,100,0.00
0.01,12,1000,500,0.00
0.01,12,1000,200,0.00
0.01,12,1000,100,0.00
0,12,600,300,0.00
0,12,600,120,0.00
0,12,600,60,0.00
0.00,12,600,300,0.00
0.00,12,600,120,0.00
0.00,12,600,60,0.00
0.01,12,600,300,0.00
0.01,12,600,120,0.00
0.01,12,600,60,0.00
0.01,12,100,50,0.00
0.01,12,100,20,0.00
0.01,12,100,10,0.00
0.01,12,10,5,0.00
0.01,12,10,2,0.00
0.01,12,10,1,0.00
0,14,1000,500,0.00
0,14,1000,200,0.00
0,14,1000,100,0.00
0.00,14,1000,500,0.00
0.00,14,1000,200,0.00
0.00,14,1000,100,0.00
0.01,14,1000,500,0.00
0.01,14,1000,200,0.00
0.01,14,1000,100,0.00
0,14,600,300,0.00
0,14,600,120,0.00
0,14,600,60,0.00
0.00,14,600,300,0.00
0.00,14,600,120,0.00
0.00,14,600,60,0.00
0.01,14,600,300,0.00
0.01,14,600,120,0.00
0.01,14,600,60,0.00
0.01,14,100,50,0.00
0.01,14,100,20,0.00
0.01,14,100,10,0.00
0.01,14,10,5,0.00
0.01,14,10,2,0.00
0.01,14,10,1,0.00
0,6,1000,500,0.00
0,6,1000,200,0.00
0,6,1000,100,0.00
0.00,6,1000,500,0.00
0.00,6,1000,200,0.00
0.00,6,1000,100,0.00
0.01,6,1000,500,0.00
0.01,6,1000,200,0.00
0.01,6,1000,100,0.00
0,6,600,300,0.00
0,6,600,120,0.00
0,6,600,60,0.00
0.00,6,600,300,0.00
0.00,6,600,120,0.00
0.00,6,600,60,0.00
0.01,6,600,300,0.00
0.01,6,600,120,0.00
0.01,6,600,60,0.00
0,6,100,50,0.00
0,6,100,20,0.00
0.00,6,100,50,0.00
0.00,6,100,20,0.00
0.00,6,100,10,0.00
0.01,6,100,50,0.00
0.01,6,100,20,0.00
0.01,6,100,10,0.00
0.01,6,10,5,0.00
0.01,6,10,2,0.00
0.01,6,10,1,0.00
0,10,1000,500,0.00
0,10,1000,200,0.00
0,10,1000,100,0.00
0.00,10,1000,500,0.00
0.00,10,1000,200,0.00
0.00,10,1000,100,0.00
0.01,10,1000,500,0.00
0.01,10,1000,200,0.00
0.01,10,1000,100,0.00
0,10,600,300,0.00
0,10,600,120,0.00
0,10,600,60,0.00
0.00,10,600,300,0.00
0.00,10,600,120,0.00
0.00,10,600,60,0.00
0.01,10,600,300,0.00
0.01,10,600,120,0.00
0.01,10,600,60,0.00
0.01,10,100,50,0.00
0.01,10,100,20,0.00
0.01,10,100,10,0.00
0.01,10,10,5,0.00
0.01,10,10,2,0.00
0.01,10,10,1,0.00
0.10,4,1000,500,0.00
1,4,1000,500,0.00
0.10,4,800,400,0.00
1,4,800,400,0.00
0.10,4,600,300,0.00
1,4,600,300,0.00
0.10,4,400,200,0.00
1,4,400,200,0.00
0.10,4,200,100,0.00
1,4,200,100,0.00
0.10,4,100,50,0.00
1,4,100,50,0.00
0.10,4,50,25,0.00
1,4,50,25,0.00
0.10,4,20,10,0.00
1,4,20,10,0.00
0.10,4,10,5,0.00
1,4,10,5,0.00
0.10,6,1000,500,0.00
1,6,1000,500,0.00
0.10,6,800,400,0.00
1,6,800,400,0.00
0.10,6,600,300,0.00
1,6,600,300,0.00
0.10,6,400,200,0.00
1,6,400,200,0.00
0.10,6,200,100,0.00
1,6,200,100,0.00
0.10,6,100,50,0.00
1,6,100,50,0.00
0.10,6,50,25,0.00
1,6,50,25,0.00
0.10,6,20,10,0.00
1,6,20,10,0.00
0.10,6,10,5,0.00
1,6,10,5,0.00
0.10,8,1000,500,0.00
1,8,1000,500,0.00
0.10,8,800,400,0.00
1,8,800,400,0.00
0.10,8,600,300,0.00
1,8,600,300,0.00
0.10,8,400,200,0.00
1,8,400,200,0.00
0.10,8,200,100,0.00
1,8,200,100,0.00
0.10,8,100,50,0.00
1,8,100,50,0.00
0.10,8,50,25,0.00
1,8,50,25,0.00
0.10,8,20,10,0.00
1,8,20,10,0.00
0.10,8,10,5,0.00
1,8,10,5,0.00
0.10,10,1000,500,0.00
1,10,1000,500,0.00
0.10,10,800,400,0.00
1,10,800,400,0.00
0.10,10,600,300,0.00
1,10,600,300,0.00
0.10,10,400,200,0.00
1,10,400,200,0.00
0.10,10,200,100,0.00
1,10,200,100,0.00
0.10,10,100,50,0.00
1,10,100,50,0.00
0.10,10,50,25,0.00
1,10,50,25,0.00
0.10,10,20,10,0.00
1,10,20,10,0.00
0.10,10,10,5,0.00
1,10,10,5,0.00
0.10,12,1000,500,0.00
1,12,1000,500,0.00
0.10,12,800,400,0.00
1,12,800,400,0.00
0.10,12,600,300,0.00
1,12,600,300,0.00
0.10,12,400,200,0.00
1,12,400,200,0.00
0.10,12,200,100,0.00
1,12,200,100,0.00
0.10,12,100,50,0.00
1,12,100,50,0.00
0.10,12,50,25,0.00
1,12,50,25,0.00
0.10,12,20,10,0.00
1,12,20,10,0.00
0.10,12,10,5,0.00
1,12,10,5,0.00
0.10,14,1000,500,0.00
1,14,1000,500,0.00
0.10,14,800,400,0.00
1,14,800,400,0.00
0.10,14,600,300,0.00
1,14,600,300,0.00
0.10,14,400,200,0.00
1,14,400,200,0.00
0.10,14,200,100,0.00
1,14,200,100,0.00
0.10,14,100,50,0.00
1,14,100,50,0.00
0.10,14,50,25,0.00
1,14,50,25,0.00
0.10,14,20,10,0.00
1,14,20,10,0.00
0.10,14,10,5,0.00
1,14,10,5,0.00
0.10,4,1000,200,0.00
0.10,4,800,160,0.00
0.10,4,600,120,0.00
0.10,4,400,80,0.00
0.10,4,200,40,0.00
0.10,4,100,20,0.00
0.10,4,50,10,0.00
0.10,4,20,4,0.00
0.10,4,10,2,0.00
0.10,6,1000,200,0.00
0.10,6,800,160,0.00
0.10,6,600,120,0.00
0.10,6,400,80,0.00
0.10,6,200,40,0.00
0.10,6,100,20,0.00
0.10,6,50,10,0.00
0.10,6,20,4,0.00
0.10,6,10,2,0.00
0.10,8,1000,200,0.00
0.10,8,800,160,0.00
0.10,8,600,120,0.00
0.10,8,400,80,0.00
0.10,8,200,40,0.00
0.10,8,100,20,0.00
0.10,8,50,10,0.00
0.10,8,20,4,0.00
0.10,8,10,2,0.00
0.10,10,1000,200,0.00
0.10,10,800,160,0.00
0.10,10,600,120,0.00
0.10,10,400,80,0.00
0.10,10,200,40,0.00
0.10,10,100,20,0.00
0.10,10,50,10,0.00
0.10,10,20,4,0.00
0.10,10,10,2,0.00
0.10,12,1000,200,0.00
0.10,12,800,160,0.00
0.10,12,600,120,0.00
0.10,12,400,80,0.00
0.10,12,200,40,0.00
0.10,12,100,20,0.00
0.10,12,50,10,0.00
0.10,12,20,4,0.00
0.10,12,10,2,0.00
0.10,14,1000,200,0.00
0.10,14,800,160,0.00
0.10,14,600,120,0.00
0.10,14,400,80,0.00
0.10,14,200,40,0.00
0.10,14,100,20,0.00
0.10,14,50,10,0.00
0.10,14,20,4,0.00
0.10,14,10,2,0.00

